"","Subsection","label"
"1","No Tree (250).png",NA
"2","Tree (273).png",NA
"3","Tree (189).png",NA
"4","No Tree (221).png",NA
"5","No Tree (116).png",NA
"6","No Tree (74).png",NA
"7","No Tree (1).png",NA
"8","No Tree (493).png",NA
"9","No Tree (506).png",NA
"10","No Tree (226).png",NA
"11","No Tree (254).png",NA
"12","No Tree (507).png",NA
"13","No Tree (140).png",NA
"14","Tree (267).png",NA
"15","Tree (108).png",NA
"16","No Tree (236).png",NA
"17","No Tree (502).png",NA
"18","Tree (72).png",NA
"19","No Tree (175).png",NA
"20","No Tree (244).png",NA
"21","No Tree (126).png",NA
"22","No Tree (242).png",NA
"23","No Tree (411).png",NA
"24","No Tree (25).png",NA
"25","No Tree (171).png",NA
"26","No Tree (431).png",NA
"27","Tree (337).png",NA
"28","Tree (167).png",NA
"29","Tree (152).png",NA
"30","Tree (86).png",NA
"31","Tree (438).png",NA
"32","Tree (178).png",NA
"33","Tree (313).png",NA
"34","Tree (326).png",NA
"35","Tree (75).png",NA
"36","No Tree (480).png",NA
"37","Tree (368).png",NA
"38","Tree (11).png",NA
"39","No Tree (152).png",NA
"40","Tree (38).png",NA
"41","Tree (130).png",NA
"42","No Tree (344).png",NA
"43","No Tree (288).png",NA
"44","No Tree (343).png",NA
"45","Tree (54).png",NA
"46","No Tree (243).png",NA
"47","Tree (229).png",NA
"48","No Tree (439).png",NA
"49","Tree (318).png",NA
"50","Tree (284).png",NA
"51","Tree (335).png",NA
"52","No Tree (189).png",NA
"53","Tree (67).png",NA
"54","No Tree (347).png",NA
"55","Tree (233).png",NA
"56","Tree (253).png",NA
"57","Tree (290).png",NA
"58","No Tree (58).png",NA
"59","Tree (371).png",NA
"60","No Tree (87).png",NA
"61","Tree (29).png",NA
"62","No Tree (24).png",NA
"63","Tree (291).png",NA
"64","No Tree (271).png",NA
"65","Tree (73).png",NA
"66","No Tree (206).png",NA
"67","No Tree (467).png",NA
"68","No Tree (107).png",NA
"69","No Tree (345).png",NA
"70","No Tree (86).png",NA
"71","No Tree (139).png",NA
"72","Tree (93).png",NA
"73","Tree (168).png",NA
"74","Tree (39).png",NA
"75","Tree (22).png",NA
"76","No Tree (16).png",NA
"77","No Tree (178).png",NA
"78","No Tree (498).png",NA
"79","Tree (174).png",NA
"80","No Tree (235).png",NA
"81","Tree (330).png",NA
"82","No Tree (287).png",NA
"83","Tree (301).png",NA
"84","Tree (47).png",NA
"85","No Tree (143).png",NA
"86","Tree (393).png",NA
"87","No Tree (209).png",NA
"88","No Tree (450).png",NA
"89","Tree (132).png",NA
"90","Tree (251).png",NA
"91","Tree (324).png",NA
"92","Tree (186).png",NA
"93","Tree (66).png",NA
"94","Tree (223).png",NA
"95","No Tree (289).png",NA
"96","Tree (85).png",NA
"97","Tree (99).png",NA
"98","No Tree (17).png",NA
"99","No Tree (368).png",NA
"100","No Tree (72).png",NA
"101","No Tree (432).png",NA
"102","Tree (9).png",NA
"103","Tree (218).png",NA
"104","Tree (428).png",NA
"105","No Tree (425).png",NA
"106","Tree (136).png",NA
"107","Tree (355).png",NA
"108","Tree (105).png",NA
"109","No Tree (291).png",NA
"110","No Tree (192).png",NA
"111","Tree (16).png",NA
"112","Tree (217).png",NA
"113","No Tree (414).png",NA
"114","Tree (446).png",NA
"115","Tree (202).png",NA
"116","Tree (176).png",NA
"117","Tree (360).png",NA
"118","Tree (194).png",NA
"119","No Tree (320).png",NA
"120","Tree (359).png",NA
"121","No Tree (183).png",NA
"122","No Tree (237).png",NA
"123","No Tree (314).png",NA
"124","No Tree (222).png",NA
"125","No Tree (487).png",NA
"126","No Tree (352).png",NA
"127","No Tree (70).png",NA
"128","Tree (432).png",NA
"129","Tree (32).png",NA
"130","No Tree (332).png",NA
"131","Tree (413).png",NA
"132","Tree (391).png",NA
"133","Tree (380).png",NA
"134","No Tree (278).png",NA
"135","Tree (344).png",NA
"136","Tree (143).png",NA
"137","No Tree (387).png",NA
"138","No Tree (98).png",NA
"139","No Tree (449).png",NA
"140","No Tree (258).png",NA
"141","No Tree (273).png",NA
"142","Tree (353).png",NA
"143","No Tree (108).png",NA
"144","No Tree (229).png",NA
"145","No Tree (336).png",NA
"146","Tree (224).png",NA
"147","No Tree (10).png",NA
"148","No Tree (381).png",NA
"149","Tree (203).png",NA
"150","No Tree (203).png",NA
"151","No Tree (44).png",NA
"152","Tree (382).png",NA
"153","No Tree (130).png",NA
"154","Tree (154).png",NA
"155","No Tree (253).png",NA
"156","Tree (159).png",NA
"157","No Tree (185).png",NA
"158","Tree (400).png",NA
"159","Tree (104).png",NA
"160","No Tree (326).png",NA
"161","Tree (13).png",NA
"162","No Tree (55).png",NA
"163","No Tree (251).png",NA
"164","No Tree (443).png",NA
"165","Tree (404).png",NA
"166","Tree (427).png",NA
"167","No Tree (201).png",NA
"168","Tree (309).png",NA
"169","Tree (172).png",NA
"170","No Tree (444).png",NA
"171","Tree (395).png",NA
"172","No Tree (341).png",NA
"173","No Tree (117).png",NA
"174","No Tree (495).png",NA
"175","Tree (139).png",NA
"176","No Tree (447).png",NA
"177","No Tree (317).png",NA
"178","Tree (31).png",NA
"179","Tree (328).png",NA
"180","No Tree (109).png",NA
"181","Tree (448).png",NA
"182","No Tree (483).png",NA
"183","Tree (116).png",NA
"184","No Tree (265).png",NA
"185","Tree (206).png",NA
"186","Tree (358).png",NA
"187","Tree (64).png",NA
"188","Tree (209).png",NA
"189","No Tree (295).png",NA
"190","No Tree (138).png",NA
"191","Tree (390).png",NA
"192","No Tree (471).png",NA
"193","Tree (166).png",NA
"194","Tree (65).png",NA
"195","No Tree (41).png",NA
"196","No Tree (115).png",NA
"197","Tree (243).png",NA
"198","Tree (278).png",NA
"199","Tree (403).png",NA
"200","No Tree (488).png",NA
"201","Tree (392).png",NA
"202","Tree (372).png",NA
"203","Tree (265).png",NA
"204","Tree (409).png",NA
"205","No Tree (392).png",NA
"206","Tree (387).png",NA
"207","Tree (196).png",NA
"208","Tree (26).png",NA
"209","No Tree (342).png",NA
"210","No Tree (497).png",NA
"211","No Tree (409).png",NA
"212","No Tree (385).png",NA
"213","Tree (293).png",NA
"214","No Tree (474).png",NA
"215","Tree (137).png",NA
"216","No Tree (505).png",NA
"217","Tree (415).png",NA
"218","No Tree (350).png",NA
"219","No Tree (230).png",NA
"220","Tree (314).png",NA
"221","No Tree (23).png",NA
"222","Tree (43).png",NA
"223","No Tree (438).png",NA
"224","No Tree (453).png",NA
"225","No Tree (285).png",NA
"226","No Tree (176).png",NA
"227","No Tree (419).png",NA
"228","No Tree (420).png",NA
"229","No Tree (136).png",NA
"230","No Tree (283).png",NA
"231","Tree (90).png",NA
"232","Tree (219).png",NA
"233","No Tree (433).png",NA
"234","Tree (405).png",NA
"235","No Tree (33).png",NA
"236","Tree (286).png",NA
"237","Tree (195).png",NA
"238","No Tree (369).png",NA
"239","No Tree (293).png",NA
"240","No Tree (240).png",NA
"241","No Tree (220).png",NA
"242","No Tree (137).png",NA
"243","Tree (362).png",NA
"244","Tree (297).png",NA
"245","No Tree (366).png",NA
"246","Tree (408).png",NA
"247","No Tree (492).png",NA
"248","Tree (15).png",NA
"249","Tree (110).png",NA
"250","Tree (126).png",NA
"251","Tree (276).png",NA
"252","No Tree (84).png",NA
"253","No Tree (301).png",NA
"254","No Tree (207).png",NA
"255","No Tree (355).png",NA
"256","No Tree (441).png",NA
"257","Tree (77).png",NA
"258","No Tree (256).png",NA
"259","No Tree (510).png",NA
"260","No Tree (468).png",NA
"261","Tree (252).png",NA
"262","No Tree (97).png",NA
"263","Tree (118).png",NA
"264","No Tree (66).png",NA
"265","No Tree (19).png",NA
"266","No Tree (123).png",NA
"267","Tree (198).png",NA
"268","Tree (260).png",NA
"269","No Tree (210).png",NA
"270","No Tree (122).png",NA
"271","Tree (376).png",NA
"272","Tree (10).png",NA
"273","No Tree (434).png",NA
"274","Tree (177).png",NA
"275","No Tree (131).png",NA
"276","No Tree (145).png",NA
"277","No Tree (331).png",NA
"278","Tree (323).png",NA
"279","No Tree (422).png",NA
"280","No Tree (188).png",NA
"281","No Tree (261).png",NA
"282","No Tree (384).png",NA
"283","Tree (210).png",NA
"284","No Tree (81).png",NA
"285","Tree (247).png",NA
"286","Tree (113).png",NA
"287","Tree (317).png",NA
"288","No Tree (106).png",NA
"289","No Tree (217).png",NA
"290","No Tree (464).png",NA
"291","No Tree (436).png",NA
"292","No Tree (114).png",NA
"293","No Tree (469).png",NA
"294","No Tree (26).png",NA
"295","No Tree (477).png",NA
"296","Tree (414).png",NA
"297","Tree (437).png",NA
"298","No Tree (231).png",NA
"299","Tree (369).png",NA
"300","Tree (53).png",NA
"301","No Tree (393).png",NA
"302","No Tree (69).png",NA
"303","Tree (295).png",NA
"304","No Tree (272).png",NA
"305","Tree (430).png",NA
"306","No Tree (53).png",NA
"307","No Tree (407).png",NA
"308","Tree (419).png",NA
"309","No Tree (64).png",NA
"310","No Tree (9).png",NA
"311","No Tree (383).png",NA
"312","No Tree (56).png",NA
"313","Tree (188).png",NA
"314","Tree (18).png",NA
"315","Tree (396).png",NA
"316","Tree (157).png",NA
"317","No Tree (218).png",NA
"318","Tree (33).png",NA
"319","No Tree (376).png",NA
"320","Tree (84).png",NA
"321","No Tree (162).png",NA
"322","No Tree (427).png",NA
"323","Tree (255).png",NA
"324","No Tree (324).png",NA
"325","Tree (263).png",NA
"326","Tree (50).png",NA
"327","Tree (17).png",NA
"328","Tree (283).png",NA
"329","No Tree (142).png",NA
"330","Tree (342).png",NA
"331","Tree (124).png",NA
"332","No Tree (267).png",NA
"333","No Tree (148).png",NA
"334","No Tree (307).png",NA
"335","Tree (234).png",NA
"336","No Tree (27).png",NA
"337","No Tree (102).png",NA
"338","No Tree (13).png",NA
"339","No Tree (212).png",NA
"340","No Tree (193).png",NA
"341","No Tree (94).png",NA
"342","No Tree (204).png",NA
"343","No Tree (202).png",NA
"344","No Tree (276).png",NA
"345","No Tree (339).png",NA
"346","No Tree (93).png",NA
"347","Tree (364).png",NA
"348","Tree (282).png",NA
"349","No Tree (113).png",NA
"350","Tree (237).png",NA
"351","No Tree (413).png",NA
"352","Tree (103).png",NA
"353","Tree (436).png",NA
"354","Tree (160).png",NA
"355","Tree (2).png",NA
"356","Tree (35).png",NA
"357","No Tree (22).png",NA
"358","Tree (235).png",NA
"359","No Tree (90).png",NA
"360","Tree (28).png",NA
"361","Tree (343).png",NA
"362","Tree (74).png",NA
"363","Tree (249).png",NA
"364","Tree (52).png",NA
"365","Tree (341).png",NA
"366","No Tree (158).png",NA
"367","Tree (420).png",NA
"368","Tree (24).png",NA
"369","Tree (220).png",NA
"370","No Tree (255).png",NA
"371","Tree (4).png",NA
"372","Tree (287).png",NA
"373","Tree (366).png",NA
"374","No Tree (391).png",NA
"375","Tree (112).png",NA
"376","Tree (426).png",NA
"377","No Tree (232).png",NA
"378","No Tree (476).png",NA
"379","No Tree (373).png",NA
"380","Tree (221).png",NA
"381","Tree (222).png",NA
"382","Tree (346).png",NA
"383","No Tree (445).png",NA
"384","No Tree (100).png",NA
"385","Tree (275).png",NA
"386","Tree (381).png",NA
"387","Tree (122).png",NA
"388","Tree (179).png",NA
"389","No Tree (311).png",NA
"390","No Tree (57).png",NA
"391","Tree (285).png",NA
"392","No Tree (395).png",NA
"393","No Tree (351).png",NA
"394","No Tree (491).png",NA
"395","Tree (225).png",NA
"396","Tree (398).png",NA
"397","No Tree (306).png",NA
"398","Tree (302).png",NA
"399","Tree (440).png",NA
"400","Tree (156).png",NA
"401","Tree (244).png",NA
"402","No Tree (141).png",NA
"403","Tree (397).png",NA
"404","No Tree (298).png",NA
"405","Tree (119).png",NA
"406","No Tree (165).png",NA
"407","Tree (133).png",NA
"408","Tree (25).png",NA
"409","No Tree (2).png",NA
"410","Tree (227).png",NA
"411","No Tree (415).png",NA
"412","No Tree (500).png",NA
"413","Tree (329).png",NA
"414","Tree (150).png",NA
"415","No Tree (157).png",NA
"416","No Tree (399).png",NA
"417","No Tree (154).png",NA
"418","Tree (91).png",NA
"419","Tree (259).png",NA
"420","Tree (42).png",NA
"421","Tree (406).png",NA
"422","No Tree (205).png",NA
"423","Tree (389).png",NA
"424","Tree (232).png",NA
"425","Tree (59).png",NA
"426","Tree (411).png",NA
"427","No Tree (200).png",NA
"428","No Tree (47).png",NA
"429","Tree (87).png",NA
"430","No Tree (31).png",NA
"431","No Tree (20).png",NA
"432","No Tree (104).png",NA
"433","Tree (147).png",NA
"434","Tree (373).png",NA
"435","No Tree (163).png",NA
"436","No Tree (215).png",NA
"437","Tree (6).png",NA
"438","Tree (377).png",NA
"439","No Tree (105).png",NA
"440","No Tree (340).png",NA
"441","Tree (49).png",NA
"442","No Tree (458).png",NA
"443","No Tree (473).png",NA
"444","Tree (449).png",NA
"445","No Tree (96).png",NA
"446","Tree (187).png",NA
"447","No Tree (186).png",NA
"448","No Tree (133).png",NA
"449","No Tree (448).png",NA
"450","Tree (308).png",NA
"451","No Tree (85).png",NA
"452","No Tree (294).png",NA
"453","Tree (183).png",NA
"454","No Tree (30).png",NA
"455","Tree (417).png",NA
"456","No Tree (277).png",NA
"457","Tree (304).png",NA
"458","No Tree (34).png",NA
"459","Tree (401).png",NA
"460","Tree (114).png",NA
"461","No Tree (259).png",NA
"462","No Tree (359).png",NA
"463","No Tree (374).png",NA
"464","Tree (171).png",NA
"465","Tree (310).png",NA
"466","Tree (439).png",NA
"467","Tree (146).png",NA
"468","Tree (386).png",NA
"469","Tree (163).png",NA
"470","Tree (421).png",NA
"471","No Tree (408).png",NA
"472","Tree (205).png",NA
"473","Tree (433).png",NA
"474","No Tree (486).png",NA
"475","No Tree (134).png",NA
"476","Tree (148).png",NA
"477","Tree (5).png",NA
"478","No Tree (49).png",NA
"479","Tree (281).png",NA
"480","Tree (230).png",NA
"481","No Tree (418).png",NA
"482","Tree (351).png",NA
"483","Tree (151).png",NA
"484","No Tree (99).png",NA
"485","No Tree (224).png",NA
"486","No Tree (421).png",NA
"487","No Tree (190).png",NA
"488","Tree (388).png",NA
"489","No Tree (360).png",NA
"490","No Tree (219).png",NA
"491","No Tree (198).png",NA
"492","Tree (349).png",NA
"493","Tree (214).png",NA
"494","No Tree (124).png",NA
"495","Tree (153).png",NA
"496","No Tree (76).png",NA
"497","Tree (226).png",NA
"498","No Tree (246).png",NA
"499","Tree (256).png",NA
"500","No Tree (490).png",NA
"501","No Tree (417).png",NA
"502","Tree (216).png",NA
"503","No Tree (191).png",NA
"504","No Tree (321).png",NA
"505","No Tree (403).png",NA
"506","Tree (138).png",NA
"507","No Tree (54).png",NA
"508","Tree (107).png",NA
"509","No Tree (297).png",NA
"510","Tree (367).png",NA
"511","Tree (169).png",NA
"512","No Tree (135).png",NA
"513","Tree (374).png",NA
"514","No Tree (371).png",NA
"515","No Tree (389).png",NA
"516","No Tree (312).png",NA
"517","Tree (242).png",NA
"518","Tree (128).png",NA
"519","Tree (248).png",NA
"520","No Tree (367).png",NA
"521","Tree (348).png",NA
"522","Tree (306).png",NA
"523","No Tree (300).png",NA
"524","No Tree (394).png",NA
"525","No Tree (103).png",NA
"526","Tree (423).png",NA
"527","No Tree (248).png",NA
"528","No Tree (290).png",NA
"529","No Tree (35).png",NA
"530","No Tree (454).png",NA
"531","Tree (102).png",NA
"532","No Tree (354).png",NA
"533","No Tree (398).png",NA
"534","No Tree (430).png",NA
"535","Tree (422).png",NA
"536","Tree (109).png",NA
"537","Tree (424).png",NA
"538","Tree (416).png",NA
"539","No Tree (92).png",NA
"540","No Tree (499).png",NA
"541","No Tree (364).png",NA
"542","No Tree (177).png",NA
"543","No Tree (7).png",NA
"544","No Tree (88).png",NA
"545","No Tree (37).png",NA
"546","Tree (238).png",NA
"547","No Tree (227).png",NA
"548","Tree (115).png",NA
"549","Tree (333).png",NA
"550","No Tree (397).png",NA
"551","No Tree (182).png",NA
"552","Tree (68).png",NA
"553","Tree (45).png",NA
"554","No Tree (328).png",NA
"555","Tree (246).png",NA
"556","Tree (322).png",NA
"557","Tree (370).png",NA
"558","No Tree (112).png",NA
"559","Tree (347).png",NA
"560","No Tree (18).png",NA
"561","Tree (197).png",NA
"562","Tree (135).png",NA
"563","No Tree (223).png",NA
"564","No Tree (73).png",NA
"565","No Tree (494).png",NA
"566","Tree (121).png",NA
"567","No Tree (451).png",NA
"568","Tree (336).png",NA
"569","Tree (125).png",NA
"570","No Tree (211).png",NA
"571","No Tree (121).png",NA
"572","No Tree (338).png",NA
"573","No Tree (197).png",NA
"574","Tree (365).png",NA
"575","Tree (89).png",NA
"576","No Tree (479).png",NA
"577","No Tree (322).png",NA
"578","Tree (48).png",NA
"579","Tree (363).png",NA
"580","Tree (62).png",NA
"581","No Tree (435).png",NA
"582","No Tree (284).png",NA
"583","Tree (19).png",NA
"584","Tree (441).png",NA
"585","Tree (258).png",NA
"586","Tree (123).png",NA
"587","No Tree (375).png",NA
"588","No Tree (199).png",NA
"589","Tree (443).png",NA
"590","No Tree (6).png",NA
"591","No Tree (286).png",NA
"592","Tree (292).png",NA
"593","Tree (161).png",NA
"594","Tree (106).png",NA
"595","No Tree (263).png",NA
"596","No Tree (129).png",NA
"597","No Tree (319).png",NA
"598","No Tree (457).png",NA
"599","No Tree (309).png",NA
"600","Tree (384).png",NA
"601","Tree (165).png",NA
"602","Tree (8).png",NA
"603","Tree (231).png",NA
"604","No Tree (239).png",NA
"605","No Tree (50).png",NA
"606","No Tree (330).png",NA
"607","No Tree (89).png",NA
"608","Tree (80).png",NA
"609","Tree (192).png",NA
"610","Tree (201).png",NA
"611","No Tree (365).png",NA
"612","No Tree (484).png",NA
"613","No Tree (280).png",NA
"614","No Tree (390).png",NA
"615","No Tree (153).png",NA
"616","No Tree (508).png",NA
"617","Tree (274).png",NA
"618","No Tree (461).png",NA
"619","No Tree (325).png",NA
"620","No Tree (279).png",NA
"621","No Tree (472).png",NA
"622","No Tree (247).png",NA
"623","No Tree (78).png",NA
"624","No Tree (75).png",NA
"625","Tree (120).png",NA
"626","Tree (250).png",NA
"627","No Tree (305).png",NA
"628","Tree (184).png",NA
"629","Tree (14).png",NA
"630","No Tree (428).png",NA
"631","Tree (277).png",NA
"632","Tree (288).png",NA
"633","Tree (320).png",NA
"634","No Tree (274).png",NA
"635","No Tree (386).png",NA
"636","No Tree (60).png",NA
"637","No Tree (329).png",NA
"638","No Tree (241).png",NA
"639","Tree (37).png",NA
"640","No Tree (79).png",NA
"641","No Tree (327).png",NA
"642","Tree (339).png",NA
"643","Tree (431).png",NA
"644","No Tree (313).png",NA
"645","No Tree (485).png",NA
"646","Tree (170).png",NA
"647","Tree (181).png",NA
"648","No Tree (43).png",NA
"649","No Tree (196).png",NA
"650","No Tree (233).png",NA
"651","No Tree (260).png",NA
"652","Tree (332).png",NA
"653","Tree (289).png",NA
"654","No Tree (160).png",NA
"655","No Tree (118).png",NA
"656","Tree (23).png",NA
"657","No Tree (147).png",NA
"658","No Tree (475).png",NA
"659","Tree (429).png",NA
"660","No Tree (52).png",NA
"661","Tree (236).png",NA
"662","Tree (316).png",NA
"663","No Tree (39).png",NA
"664","No Tree (292).png",NA
"665","Tree (158).png",NA
"666","No Tree (424).png",NA
"667","No Tree (179).png",NA
"668","No Tree (21).png",NA
"669","Tree (127).png",NA
"670","No Tree (460).png",NA
"671","No Tree (187).png",NA
"672","Tree (134).png",NA
"673","Tree (30).png",NA
"674","Tree (27).png",NA
"675","Tree (435).png",NA
"676","No Tree (11).png",NA
"677","No Tree (378).png",NA
"678","Tree (296).png",NA
"679","No Tree (101).png",NA
"680","No Tree (426).png",NA
"681","No Tree (437).png",NA
"682","Tree (266).png",NA
"683","Tree (40).png",NA
"684","No Tree (511).png",NA
"685","No Tree (150).png",NA
"686","No Tree (164).png",NA
"687","Tree (96).png",NA
"688","Tree (262).png",NA
"689","No Tree (361).png",NA
"690","Tree (257).png",NA
"691","No Tree (8).png",NA
"692","Tree (271).png",NA
"693","No Tree (333).png",NA
"694","Tree (385).png",NA
"695","No Tree (357).png",NA
"696","Tree (254).png",NA
"697","No Tree (304).png",NA
"698","Tree (375).png",NA
"699","No Tree (349).png",NA
"700","No Tree (496).png",NA
"701","No Tree (400).png",NA
"702","Tree (46).png",NA
"703","Tree (379).png",NA
"704","Tree (145).png",NA
"705","Tree (7).png",NA
"706","No Tree (110).png",NA
"707","No Tree (249).png",NA
"708","No Tree (337).png",NA
"709","Tree (357).png",NA
"710","No Tree (51).png",NA
"711","Tree (34).png",NA
"712","No Tree (91).png",NA
"713","Tree (334).png",NA
"714","No Tree (372).png",NA
"715","Tree (352).png",NA
"716","Tree (76).png",NA
"717","Tree (345).png",NA
"718","No Tree (281).png",NA
"719","No Tree (466).png",NA
"720","No Tree (266).png",NA
"721","No Tree (401).png",NA
"722","Tree (79).png",NA
"723","No Tree (380).png",NA
"724","Tree (402).png",NA
"725","Tree (51).png",NA
"726","No Tree (446).png",NA
"727","No Tree (482).png",NA
"728","Tree (144).png",NA
"729","Tree (338).png",NA
"730","Tree (44).png",NA
"731","No Tree (379).png",NA
"732","No Tree (95).png",NA
"733","No Tree (125).png",NA
"734","No Tree (282).png",NA
"735","Tree (1).png",NA
"736","Tree (279).png",NA
"737","Tree (191).png",NA
"738","No Tree (213).png",NA
"739","No Tree (46).png",NA
"740","No Tree (68).png",NA
"741","No Tree (353).png",NA
"742","Tree (245).png",NA
"743","Tree (182).png",NA
"744","Tree (315).png",NA
"745","Tree (81).png",NA
"746","Tree (63).png",NA
"747","No Tree (316).png",NA
"748","Tree (155).png",NA
"749","No Tree (181).png",NA
"750","No Tree (234).png",NA
"751","No Tree (120).png",NA
"752","No Tree (77).png",NA
"753","Tree (180).png",NA
"754","No Tree (405).png",NA
"755","No Tree (225).png",NA
"756","No Tree (296).png",NA
"757","Tree (213).png",NA
"758","Tree (447).png",NA
"759","No Tree (402).png",NA
"760","No Tree (412).png",NA
"761","Tree (239).png",NA
"762","Tree (269).png",NA
"763","Tree (425).png",NA
"764","Tree (280).png",NA
"765","Tree (412).png",NA
"766","No Tree (257).png",NA
"767","Tree (164).png",NA
"768","No Tree (503).png",NA
"769","No Tree (42).png",NA
"770","Tree (312).png",NA
"771","Tree (331).png",NA
"772","No Tree (452).png",NA
"773","No Tree (4).png",NA
"774","Tree (261).png",NA
"775","Tree (111).png",NA
"776","No Tree (161).png",NA
"777","Tree (407).png",NA
"778","Tree (399).png",NA
"779","Tree (264).png",NA
"780","Tree (321).png",NA
"781","No Tree (29).png",NA
"782","No Tree (275).png",NA
"783","Tree (95).png",NA
"784","Tree (162).png",NA
"785","Tree (12).png",NA
"786","No Tree (194).png",NA
"787","Tree (92).png",NA
"788","No Tree (111).png",NA
"789","Tree (94).png",NA
"790","No Tree (45).png",NA
"791","No Tree (195).png",NA
"792","Tree (311).png",NA
"793","No Tree (168).png",NA
"794","No Tree (62).png",NA
"795","Tree (319).png",NA
"796","Tree (418).png",NA
"797","Tree (444).png",NA
"798","No Tree (61).png",NA
"799","No Tree (465).png",NA
"800","Tree (98).png",NA
"801","No Tree (308).png",NA
"802","Tree (410).png",NA
"803","Tree (57).png",NA
"804","Tree (83).png",NA
"805","Tree (294).png",NA
"806","Tree (204).png",NA
"807","Tree (69).png",NA
"808","No Tree (262).png",NA
"809","No Tree (410).png",NA
"810","No Tree (462).png",NA
"811","Tree (149).png",NA
"812","No Tree (208).png",NA
"813","No Tree (348).png",NA
"814","No Tree (14).png",NA
"815","Tree (212).png",NA
"816","No Tree (169).png",NA
"817","No Tree (151).png",NA
"818","No Tree (63).png",NA
"819","Tree (207).png",NA
"820","Tree (299).png",NA
"821","No Tree (429).png",NA
"822","Tree (300).png",NA
"823","Tree (101).png",NA
"824","No Tree (440).png",NA
"825","No Tree (416).png",NA
"826","No Tree (48).png",NA
"827","No Tree (119).png",NA
"828","No Tree (509).png",NA
"829","No Tree (156).png",NA
"830","No Tree (356).png",NA
"831","No Tree (346).png",NA
"832","No Tree (269).png",NA
"833","No Tree (323).png",NA
"834","No Tree (174).png",NA
"835","Tree (58).png",NA
"836","Tree (199).png",NA
"837","No Tree (155).png",NA
"838","No Tree (335).png",NA
"839","Tree (270).png",NA
"840","No Tree (377).png",NA
"841","No Tree (36).png",NA
"842","No Tree (83).png",NA
"843","No Tree (455).png",NA
"844","No Tree (172).png",NA
"845","Tree (200).png",NA
"846","No Tree (173).png",NA
"847","No Tree (59).png",NA
"848","No Tree (228).png",NA
"849","No Tree (238).png",NA
"850","Tree (173).png",NA
"851","Tree (434).png",NA
"852","No Tree (170).png",NA
"853","Tree (350).png",NA
"854","Tree (268).png",NA
"855","No Tree (3).png",NA
"856","No Tree (132).png",NA
"857","No Tree (362).png",NA
"858","No Tree (489).png",NA
"859","Tree (82).png",NA
"860","Tree (193).png",NA
"861","Tree (361).png",NA
"862","Tree (55).png",NA
"863","No Tree (358).png",NA
"864","No Tree (363).png",NA
"865","No Tree (146).png",NA
"866","Tree (445).png",NA
"867","No Tree (216).png",NA
"868","No Tree (245).png",NA
"869","Tree (208).png",NA
"870","No Tree (65).png",NA
"871","No Tree (268).png",NA
"872","Tree (307).png",NA
"873","No Tree (442).png",NA
"874","No Tree (180).png",NA
"875","Tree (378).png",NA
"876","No Tree (71).png",NA
"877","Tree (70).png",NA
"878","No Tree (159).png",NA
"879","No Tree (127).png",NA
"880","Tree (140).png",NA
"881","Tree (60).png",NA
"882","Tree (185).png",NA
"883","No Tree (302).png",NA
"884","Tree (394).png",NA
"885","No Tree (38).png",NA
"886","Tree (142).png",NA
"887","Tree (272).png",NA
"888","No Tree (166).png",NA
"889","Tree (211).png",NA
"890","No Tree (456).png",NA
"891","Tree (78).png",NA
"892","No Tree (32).png",NA
"893","No Tree (264).png",NA
"894","No Tree (396).png",NA
"895","Tree (100).png",NA
"896","Tree (36).png",NA
"897","Tree (61).png",NA
"898","Tree (450).png",NA
"899","Tree (20).png",NA
"900","No Tree (504).png",NA
"901","Tree (340).png",NA
"902","Tree (21).png",NA
"903","No Tree (334).png",NA
"904","Tree (327).png",NA
"905","Tree (129).png",NA
"906","No Tree (214).png",NA
"907","Tree (305).png",NA
"908","No Tree (167).png",NA
"909","No Tree (184).png",NA
"910","No Tree (470).png",NA
"911","No Tree (478).png",NA
"912","No Tree (310).png",NA
"913","Tree (88).png",NA
"914","Tree (241).png",NA
"915","No Tree (128).png",NA
"916","Tree (141).png",NA
"917","No Tree (459).png",NA
"918","Tree (117).png",NA
"919","Tree (354).png",NA
"920","Tree (71).png",NA
"921","No Tree (67).png",NA
"922","No Tree (28).png",NA
"923","No Tree (15).png",NA
"924","Tree (97).png",NA
"925","Tree (442).png",NA
"926","No Tree (5).png",NA
"927","Tree (240).png",NA
"928","No Tree (303).png",NA
"929","No Tree (40).png",NA
"930","No Tree (370).png",NA
"931","No Tree (80).png",NA
"932","No Tree (144).png",NA
"933","Tree (228).png",NA
"934","No Tree (501).png",NA
"935","Tree (325).png",NA
"936","No Tree (318).png",NA
"937","Tree (56).png",NA
"938","No Tree (270).png",NA
"939","No Tree (315).png",NA
"940","Tree (190).png",NA
"941","Tree (356).png",NA
"942","Tree (383).png",NA
"943","Tree (131).png",NA
"944","No Tree (463).png",NA
"945","No Tree (481).png",NA
"946","Tree (215).png",NA
"947","No Tree (82).png",NA
"948","No Tree (388).png",NA
"949","No Tree (404).png",NA
"950","No Tree (406).png",NA
"951","Tree (175).png",NA
"952","No Tree (299).png",NA
"953","Tree (3).png",NA
"954","Tree (41).png",NA
"955","No Tree (252).png",NA
"956","No Tree (423).png",NA
"957","No Tree (12).png",NA
"958","Tree (298).png",NA
"959","Tree (303).png",NA
"960","No Tree (382).png",NA
"961","No Tree (149).png",NA
