trainTree,label
No Tree (135).png,NA
Tree (374).png,NA
No Tree (371).png,NA
No Tree (389).png,NA
No Tree (312).png,NA
Tree (242).png,NA
Tree (128).png,NA
Tree (248).png,NA
No Tree (367).png,NA
Tree (348).png,NA
Tree (306).png,NA
No Tree (300).png,NA
No Tree (394).png,NA
No Tree (103).png,NA
Tree (423).png,NA
No Tree (248).png,NA
No Tree (290).png,NA
No Tree (35).png,NA
No Tree (454).png,NA
Tree (102).png,NA
No Tree (354).png,NA
No Tree (398).png,NA
No Tree (430).png,NA
Tree (422).png,NA
Tree (109).png,NA
Tree (424).png,NA
Tree (416).png,NA
No Tree (92).png,NA
No Tree (499).png,NA
No Tree (364).png,NA
No Tree (177).png,NA
No Tree (7).png,NA
No Tree (88).png,NA
No Tree (37).png,NA
Tree (238).png,NA
No Tree (227).png,NA
Tree (115).png,NA
Tree (333).png,NA
No Tree (397).png,NA
No Tree (182).png,NA
Tree (68).png,NA
Tree (45).png,NA
No Tree (328).png,NA
Tree (246).png,NA
Tree (322).png,NA
Tree (370).png,NA
No Tree (112).png,NA
Tree (347).png,NA
No Tree (18).png,NA
Tree (197).png,NA
Tree (135).png,NA
No Tree (223).png,NA
No Tree (73).png,NA
No Tree (494).png,NA
Tree (121).png,NA
No Tree (451).png,NA
Tree (336).png,NA
Tree (125).png,NA
No Tree (211).png,NA
No Tree (121).png,NA
No Tree (338).png,NA
No Tree (197).png,NA
Tree (365).png,NA
Tree (89).png,NA
No Tree (479).png,NA
No Tree (322).png,NA
Tree (48).png,NA
Tree (363).png,NA
Tree (62).png,NA
No Tree (435).png,NA
No Tree (284).png,NA
Tree (19).png,NA
Tree (441).png,NA
Tree (258).png,NA
Tree (123).png,NA
No Tree (375).png,NA
No Tree (199).png,NA
Tree (443).png,NA
No Tree (6).png,NA
No Tree (286).png,NA
Tree (292).png,NA
Tree (161).png,NA
Tree (106).png,NA
No Tree (263).png,NA
No Tree (129).png,NA
No Tree (319).png,NA
No Tree (457).png,NA
No Tree (309).png,NA
Tree (384).png,NA
Tree (165).png,NA
Tree (8).png,NA
Tree (231).png,NA
No Tree (239).png,NA
No Tree (50).png,NA
No Tree (330).png,NA
No Tree (89).png,NA
Tree (80).png,NA
Tree (192).png,NA
Tree (201).png,NA
No Tree (365).png,NA
No Tree (484).png,NA
No Tree (280).png,NA
No Tree (390).png,NA
No Tree (153).png,NA
No Tree (508).png,NA
Tree (274).png,NA
No Tree (461).png,NA
No Tree (325).png,NA
No Tree (279).png,NA
No Tree (472).png,NA
No Tree (247).png,NA
No Tree (78).png,NA
No Tree (75).png,NA
Tree (120).png,NA
Tree (250).png,NA
No Tree (305).png,NA
Tree (184).png,NA
Tree (14).png,NA
No Tree (428).png,NA
Tree (277).png,NA
Tree (288).png,NA
Tree (320).png,NA
No Tree (274).png,NA
No Tree (386).png,NA
No Tree (60).png,NA
No Tree (329).png,NA
No Tree (241).png,NA
Tree (37).png,NA
No Tree (79).png,NA
No Tree (327).png,NA
Tree (339).png,NA
Tree (431).png,NA
No Tree (313).png,NA
No Tree (485).png,NA
Tree (170).png,NA
Tree (181).png,NA
No Tree (43).png,NA
No Tree (196).png,NA
No Tree (233).png,NA
No Tree (260).png,NA
Tree (332).png,NA
Tree (289).png,NA
No Tree (160).png,NA
No Tree (118).png,NA
Tree (23).png,NA
No Tree (147).png,NA
No Tree (475).png,NA
Tree (429).png,NA
No Tree (52).png,NA
Tree (236).png,NA
Tree (316).png,NA
No Tree (39).png,NA
No Tree (292).png,NA
Tree (158).png,NA
No Tree (424).png,NA
No Tree (179).png,NA
No Tree (21).png,NA
Tree (127).png,NA
No Tree (460).png,NA
No Tree (187).png,NA
Tree (134).png,NA
Tree (30).png,NA
Tree (27).png,NA
Tree (435).png,NA
No Tree (11).png,NA
No Tree (378).png,NA
Tree (296).png,NA
No Tree (101).png,NA
No Tree (426).png,NA
No Tree (437).png,NA
Tree (266).png,NA
Tree (40).png,NA
No Tree (511).png,NA
No Tree (150).png,NA
No Tree (164).png,NA
Tree (96).png,NA
Tree (262).png,NA
No Tree (361).png,NA
Tree (257).png,NA
No Tree (8).png,NA
Tree (271).png,NA
No Tree (333).png,NA
Tree (385).png,NA
No Tree (357).png,NA
Tree (254).png,NA
No Tree (304).png,NA
Tree (375).png,NA
No Tree (349).png,NA
No Tree (496).png,NA
No Tree (400).png,NA
Tree (46).png,NA
Tree (379).png,NA
Tree (145).png,NA
Tree (7).png,NA
No Tree (110).png,NA
No Tree (249).png,NA
No Tree (337).png,NA
Tree (357).png,NA
No Tree (51).png,NA
Tree (34).png,NA
No Tree (91).png,NA
Tree (334).png,NA
No Tree (372).png,NA
Tree (352).png,NA
Tree (76).png,NA
Tree (345).png,NA
No Tree (281).png,NA
No Tree (466).png,NA
No Tree (266).png,NA
No Tree (401).png,NA
Tree (79).png,NA
No Tree (380).png,NA
Tree (402).png,NA
Tree (51).png,NA
No Tree (446).png,NA
No Tree (482).png,NA
Tree (144).png,NA
Tree (338).png,NA
Tree (44).png,NA
No Tree (379).png,NA
No Tree (95).png,NA
No Tree (125).png,NA
No Tree (282).png,NA
Tree (1).png,NA
Tree (279).png,NA
Tree (191).png,NA
No Tree (213).png,NA
No Tree (46).png,NA
No Tree (68).png,NA
No Tree (353).png,NA
Tree (245).png,NA
Tree (182).png,NA
Tree (315).png,NA
Tree (81).png,NA
Tree (63).png,NA
No Tree (316).png,NA
Tree (155).png,NA
No Tree (181).png,NA
No Tree (234).png,NA
No Tree (120).png,NA
No Tree (77).png,NA
Tree (180).png,NA
No Tree (405).png,NA
No Tree (225).png,NA
No Tree (296).png,NA
Tree (213).png,NA
Tree (447).png,NA
No Tree (402).png,NA
No Tree (412).png,NA
Tree (239).png,NA
Tree (269).png,NA
Tree (425).png,NA
Tree (280).png,NA
Tree (412).png,NA
No Tree (257).png,NA
Tree (164).png,NA
No Tree (503).png,NA
No Tree (42).png,NA
Tree (312).png,NA
Tree (331).png,NA
No Tree (452).png,NA
No Tree (4).png,NA
Tree (261).png,NA
Tree (111).png,NA
No Tree (161).png,NA
Tree (407).png,NA
Tree (399).png,NA
Tree (264).png,NA
Tree (321).png,NA
No Tree (29).png,NA
No Tree (275).png,NA
Tree (95).png,NA
Tree (162).png,NA
Tree (12).png,NA
No Tree (194).png,NA
Tree (92).png,NA
No Tree (111).png,NA
Tree (94).png,NA
No Tree (45).png,NA
No Tree (195).png,NA
Tree (311).png,NA
No Tree (168).png,NA
No Tree (62).png,NA
Tree (319).png,NA
Tree (418).png,NA
Tree (444).png,NA
No Tree (61).png,NA
No Tree (465).png,NA
Tree (98).png,NA
No Tree (308).png,NA
Tree (410).png,NA
Tree (57).png,NA
Tree (83).png,NA
Tree (294).png,NA
Tree (204).png,NA
Tree (69).png,NA
No Tree (262).png,NA
No Tree (410).png,NA
No Tree (462).png,NA
Tree (149).png,NA
No Tree (208).png,NA
No Tree (348).png,NA
No Tree (14).png,NA
Tree (212).png,NA
No Tree (169).png,NA
No Tree (151).png,NA
No Tree (63).png,NA
Tree (207).png,NA
Tree (299).png,NA
No Tree (429).png,NA
Tree (300).png,NA
Tree (101).png,NA
No Tree (440).png,NA
No Tree (416).png,NA
No Tree (48).png,NA
No Tree (119).png,NA
No Tree (509).png,NA
No Tree (156).png,NA
No Tree (356).png,NA
No Tree (346).png,NA
No Tree (269).png,NA
No Tree (323).png,NA
No Tree (174).png,NA
Tree (58).png,NA
Tree (199).png,NA
No Tree (155).png,NA
No Tree (335).png,NA
Tree (270).png,NA
No Tree (377).png,NA
No Tree (36).png,NA
No Tree (83).png,NA
No Tree (455).png,NA
No Tree (172).png,NA
Tree (200).png,NA
No Tree (173).png,NA
No Tree (59).png,NA
No Tree (228).png,NA
No Tree (238).png,NA
Tree (173).png,NA
Tree (434).png,NA
No Tree (170).png,NA
Tree (350).png,NA
Tree (268).png,NA
No Tree (3).png,NA
No Tree (132).png,NA
No Tree (362).png,NA
No Tree (489).png,NA
Tree (82).png,NA
Tree (193).png,NA
Tree (361).png,NA
Tree (55).png,NA
No Tree (358).png,NA
No Tree (363).png,NA
No Tree (146).png,NA
Tree (445).png,NA
No Tree (216).png,NA
No Tree (245).png,NA
Tree (208).png,NA
No Tree (65).png,NA
No Tree (268).png,NA
Tree (307).png,NA
No Tree (442).png,NA
No Tree (180).png,NA
Tree (378).png,NA
No Tree (71).png,NA
Tree (70).png,NA
No Tree (159).png,NA
No Tree (127).png,NA
Tree (140).png,NA
Tree (60).png,NA
Tree (185).png,NA
No Tree (302).png,NA
Tree (394).png,NA
No Tree (38).png,NA
Tree (142).png,NA
Tree (272).png,NA
No Tree (166).png,NA
Tree (211).png,NA
No Tree (456).png,NA
Tree (78).png,NA
No Tree (32).png,NA
No Tree (264).png,NA
No Tree (396).png,NA
Tree (100).png,NA
Tree (36).png,NA
Tree (61).png,NA
Tree (450).png,NA
Tree (20).png,NA
No Tree (504).png,NA
Tree (340).png,NA
Tree (21).png,NA
No Tree (334).png,NA
Tree (327).png,NA
Tree (129).png,NA
No Tree (214).png,NA
Tree (305).png,NA
No Tree (167).png,NA
No Tree (184).png,NA
No Tree (470).png,NA
No Tree (478).png,NA
No Tree (310).png,NA
Tree (88).png,NA
Tree (241).png,NA
No Tree (128).png,NA
Tree (141).png,NA
No Tree (459).png,NA
Tree (117).png,NA
Tree (354).png,NA
Tree (71).png,NA
No Tree (67).png,NA
No Tree (28).png,NA
No Tree (15).png,NA
Tree (97).png,NA
Tree (442).png,NA
No Tree (5).png,NA
Tree (240).png,NA
No Tree (303).png,NA
No Tree (40).png,NA
No Tree (370).png,NA
No Tree (80).png,NA
No Tree (144).png,NA
Tree (228).png,NA
No Tree (501).png,NA
Tree (325).png,NA
No Tree (318).png,NA
Tree (56).png,NA
No Tree (270).png,NA
No Tree (315).png,NA
Tree (190).png,NA
Tree (356).png,NA
Tree (383).png,NA
Tree (131).png,NA
No Tree (463).png,NA
No Tree (481).png,NA
Tree (215).png,NA
No Tree (82).png,NA
No Tree (388).png,NA
No Tree (404).png,NA
No Tree (406).png,NA
Tree (175).png,NA
No Tree (299).png,NA
Tree (3).png,NA
Tree (41).png,NA
No Tree (252).png,NA
No Tree (423).png,NA
No Tree (12).png,NA
Tree (298).png,NA
Tree (303).png,NA
No Tree (382).png,NA
No Tree (149).png,NA
